{
  "regression_scalar": {
    "PM2.5": {
      "rmse": 6.617907200107034,
      "r2": 0.4874113202095032,
      "mape_percent": 5.971827730536461
    },
    "Ozone": {
      "rmse": 3.4990903489712397,
      "r2": 0.946550726890564,
      "mape_percent": 6.595806777477264
    },
    "CO": {
      "rmse": 65.41792105020802,
      "r2": 0.9463092088699341,
      "mape_percent": 9.445873647928238
    }
  },
  "regression_heatmap": {
    "PM2.5": {
      "rmse": 0.11352289668799626,
      "r2": 0.45675867795944214,
      "mape_percent": 61.53630018234253,
      "mape_thresh": 0.044075062870979315
    },
    "Ozone": {
      "rmse": 0.24583004643511228,
      "r2": 0.4363734722137451,
      "mape_percent": 63.82170915603638,
      "mape_thresh": 0.10680794715881348
    },
    "CO": {
      "rmse": 2.95237762843588,
      "r2": 0.4979935884475708,
      "mape_percent": 53.29406261444092,
      "mape_thresh": 1.6976665496826173
    }
  },
  "classification": {
    "f1_macro": 0.39059684079934104,
    "f1_weighted": 0.4099501803848442,
    "precision_macro": 0.3957927779421571,
    "recall_macro": 0.3914529096839381,
    "confusion_matrix": [
      [
        5468,
        4761,
        2049
      ],
      [
        4296,
        5893,
        1592
      ],
      [
        2502,
        3063,
        1651
      ]
    ]
  },
  "pixel_mae_mean": 0.707719087600708,
  "pixel_mae_std": 0.7792980074882507
}