{
  "CO_ground_truth_raw_stats": {
    "min": 99.375,
    "p1": 100.96833450317382,
    "p5": 108.69999923706055,
    "p25": 346.625,
    "p50": 638.7916870117188,
    "p75": 856.9791564941406,
    "p95": 1112.8291259765624,
    "p99": 1229.548330078125,
    "max": 1533.9583740234375,
    "mean": 611.3701782226562,
    "std": 327.6506042480469
  },
  "CO_pred_after_inverse_scaler_stats (log1p domain)": {
    "min": 5.504892826080322,
    "p1": 5.52982967376709,
    "p5": 5.60799765586853,
    "p25": 5.80197548866272,
    "p50": 6.458397388458252,
    "p75": 6.775575876235962,
    "p95": 6.988287782669067,
    "p99": 7.149723091125487,
    "max": 7.378259658813477,
    "mean": 6.349170207977295,
    "std": 0.49749717116355896
  },
  "CO_pred_after_expm1_stats": {
    "min": 244.89210510253906,
    "p1": 251.10222595214844,
    "p5": 271.5978485107422,
    "p25": 329.95655822753906,
    "p50": 637.0377197265625,
    "p75": 875.1838684082031,
    "p95": 1082.8640380859374,
    "p99": 1273.3643457031244,
    "max": 1599.8013916015625,
    "mean": 641.862060546875,
    "std": 296.2481994628906
  },
  "CO_rmse_on_log1p_scale": 0.3796391036347022,
  "scalar_nrmse": {
    "PM2.5": 0.061900265514850616,
    "Ozone": 0.08361893892288208,
    "CO": 0.05782812088727951
  },
  "scalar_basic": {
    "PM2.5": {
      "rmse": 3.66088521206124,
      "r2": 0.9370322823524475
    },
    "Ozone": {
      "rmse": 7.368919063890308,
      "r2": 0.9014362692832947
    },
    "CO": {
      "rmse": 82.95925675444543,
      "r2": 0.935892641544342
    }
  },
  "heatmap_mape_sensitivity": {
    "PM2.5": {
      "0.01": {
        "thresh": 0.011728442907333374,
        "mape_percent": 114.60492610931396
      },
      "0.03": {
        "thresh": 0.03518532872200012,
        "mape_percent": 73.42748045921326
      },
      "0.05": {
        "thresh": 0.058642214536666876,
        "mape_percent": 59.89232063293457
      },
      "0.1": {
        "thresh": 0.11728442907333375,
        "mape_percent": 47.08413481712341
      },
      "0.2": {
        "thresh": 0.2345688581466675,
        "mape_percent": 40.13369977474213
      }
    },
    "Ozone": {
      "0.01": {
        "thresh": 0.02371687173843384,
        "mape_percent": 144.55612897872925
      },
      "0.03": {
        "thresh": 0.07115061521530151,
        "mape_percent": 76.68938636779785
      },
      "0.05": {
        "thresh": 0.1185843586921692,
        "mape_percent": 56.237536668777466
      },
      "0.1": {
        "thresh": 0.2371687173843384,
        "mape_percent": 42.85697042942047
      },
      "0.2": {
        "thresh": 0.4743374347686768,
        "mape_percent": 39.03184235095978
      }
    },
    "CO": {
      "0.01": {
        "thresh": 0.31297542572021486,
        "mape_percent": 125.05075931549072
      },
      "0.03": {
        "thresh": 0.9389262771606445,
        "mape_percent": 74.62051510810852
      },
      "0.05": {
        "thresh": 1.5648771286010743,
        "mape_percent": 57.94206261634827
      },
      "0.1": {
        "thresh": 3.1297542572021486,
        "mape_percent": 42.72988736629486
      },
      "0.2": {
        "thresh": 6.259508514404297,
        "mape_percent": 36.484694480895996
      }
    }
  }
}