{
  "CO_ground_truth_raw_stats": {
    "min": 100.125,
    "p1": 103.17750061035156,
    "p5": 296.1750091552734,
    "p25": 502.3125,
    "p50": 717.4583129882812,
    "p75": 883.0416564941406,
    "p95": 1151.94169921875,
    "p99": 1246.1708178710937,
    "max": 1533.9583740234375,
    "mean": 704.97509765625,
    "std": 282.3233337402344
  },
  "CO_pred_after_inverse_scaler_stats (log1p domain)": {
    "min": 5.156461715698242,
    "p1": 5.171733760833741,
    "p5": 5.7186249732971195,
    "p25": 6.128746509552002,
    "p50": 6.515638828277588,
    "p75": 6.74799108505249,
    "p95": 6.9552515029907225,
    "p99": 7.079813346862793,
    "max": 7.270932197570801,
    "mean": 6.422442436218262,
    "std": 0.4521532356739044
  },
  "CO_pred_after_expm1_stats": {
    "min": 172.54930114746094,
    "p1": 175.24257049560546,
    "p5": 303.54900817871095,
    "p25": 457.8659362792969,
    "p50": 674.6254272460938,
    "p75": 851.3457946777344,
    "p95": 1047.6427978515626,
    "p99": 1186.770642089844,
    "max": 1436.8902587890625,
    "mean": 672.3155517578125,
    "std": 258.58416748046875
  },
  "CO_rmse_on_log1p_scale": 0.13750770991557626,
  "scalar_nrmse": {
    "PM2.5": 0.15844948589801788,
    "Ozone": 0.043761420994997025,
    "CO": 0.045624494552612305
  },
  "scalar_basic": {
    "PM2.5": {
      "rmse": 6.617907200107034,
      "r2": 0.4874113202095032
    },
    "Ozone": {
      "rmse": 3.4990903489712397,
      "r2": 0.946550726890564
    },
    "CO": {
      "rmse": 65.41792105020802,
      "r2": 0.9463092088699341
    }
  },
  "heatmap_mape_sensitivity": {
    "PM2.5": {
      "0.01": {
        "thresh": 0.008815012574195862,
        "mape_percent": 112.41662502288818
      },
      "0.03": {
        "thresh": 0.026445037722587585,
        "mape_percent": 73.74175786972046
      },
      "0.05": {
        "thresh": 0.044075062870979315,
        "mape_percent": 61.53630018234253
      },
      "0.1": {
        "thresh": 0.08815012574195863,
        "mape_percent": 49.099814891815186
      },
      "0.2": {
        "thresh": 0.17630025148391726,
        "mape_percent": 41.29399359226227
      }
    },
    "Ozone": {
      "0.01": {
        "thresh": 0.021361589431762695,
        "mape_percent": 132.4337601661682
      },
      "0.03": {
        "thresh": 0.06408476829528809,
        "mape_percent": 81.36833310127258
      },
      "0.05": {
        "thresh": 0.10680794715881348,
        "mape_percent": 63.82170915603638
      },
      "0.1": {
        "thresh": 0.21361589431762695,
        "mape_percent": 47.72668778896332
      },
      "0.2": {
        "thresh": 0.4272317886352539,
        "mape_percent": 37.96118497848511
      }
    },
    "CO": {
      "0.01": {
        "thresh": 0.3395333099365234,
        "mape_percent": 106.18568658828735
      },
      "0.03": {
        "thresh": 1.0185999298095703,
        "mape_percent": 67.21272468566895
      },
      "0.05": {
        "thresh": 1.6976665496826173,
        "mape_percent": 53.29406261444092
      },
      "0.1": {
        "thresh": 3.3953330993652346,
        "mape_percent": 42.14983880519867
      },
      "0.2": {
        "thresh": 6.790666198730469,
        "mape_percent": 38.05583715438843
      }
    }
  }
}