{
  "regression_scalar": {
    "PM2.5": {
      "rmse": 3.66088521206124,
      "r2": 0.9370322823524475,
      "mape_percent": 6.123468652367592
    },
    "Ozone": {
      "rmse": 7.368919063890308,
      "r2": 0.9014362692832947,
      "mape_percent": 39.76154327392578
    },
    "CO": {
      "rmse": 82.95925675444543,
      "r2": 0.935892641544342,
      "mape_percent": 29.812535643577576
    }
  },
  "regression_heatmap": {
    "PM2.5": {
      "rmse": 0.1381561872175411,
      "r2": 0.4873468279838562,
      "mape_percent": 59.89232063293457,
      "mape_thresh": 0.058642214536666876
    },
    "Ozone": {
      "rmse": 0.2658834742525881,
      "r2": 0.33705955743789673,
      "mape_percent": 56.237536668777466,
      "mape_thresh": 0.1185843586921692
    },
    "CO": {
      "rmse": 2.8394822175197434,
      "r2": 0.48070377111434937,
      "mape_percent": 57.94206261634827,
      "mape_thresh": 1.5648771286010743
    }
  },
  "classification": {
    "f1_macro": 0.4700692742890344,
    "f1_weighted": 0.47931305608244396,
    "precision_macro": 0.47587370084400477,
    "recall_macro": 0.4720370600510689,
    "confusion_matrix": [
      [
        6024,
        4294,
        2701
      ],
      [
        2353,
        6409,
        2737
      ],
      [
        1951,
        3217,
        3389
      ]
    ]
  },
  "pixel_mae_mean": 0.6769417524337769,
  "pixel_mae_std": 0.7626670002937317
}