{
  "heatmap_out_loss": [
    0.020451098680496216,
    0.004966975189745426,
    0.004051219206303358,
    0.0036299065686762333,
    0.003350420854985714,
    0.003146772040054202,
    0.00300219445489347,
    0.00284592155367136,
    0.0027770530432462692,
    0.0026799803599715233,
    0.0026219161227345467,
    0.00260779052041471,
    0.0025014409329742193,
    0.00245653185993433,
    0.0024378325324505568,
    0.0024133368860930204,
    0.002412289846688509,
    0.0023972780909389257,
    0.0023801180068403482,
    0.00239024730399251,
    0.00235798885114491,
    0.00234931125305593,
    0.0023362573701888323,
    0.0023386357352137566,
    0.002325488720089197,
    0.0023145999293774366,
    0.0023184490855783224,
    0.0023015306796878576,
    0.002281792229041457,
    0.0022771991789340973,
    0.0022556623443961143,
    0.0022735281381756067,
    0.002269210061058402,
    0.002266368130221963,
    0.0022549687419086695,
    0.0022501563653349876,
    0.0022326367907226086,
    0.002240424742922187,
    0.0022257918026298285,
    0.0021759227383881807,
    0.0021701701916754246,
    0.0021701795049011707,
    0.002150431275367737,
    0.002148660598322749,
    0.0021464366000145674,
    0.0021466424223035574,
    0.0021520850714296103,
    0.0021314944606274366,
    0.002123177284374833,
    0.002123746555298567,
    0.0021241004578769207,
    0.0020957060623914003,
    0.0020931679755449295,
    0.0021017128601670265,
    0.002112693851813674,
    0.002094423398375511,
    0.002083949511870742,
    0.002078572055324912,
    0.002069845562800765,
    0.00206832611002028,
    0.002051227493211627,
    0.0020607528276741505,
    0.0020629134960472584,
    0.0020392832811921835,
    0.002040665363892913,
    0.0020099724642932415,
    0.0020132933277636766,
    0.002018565544858575,
    0.0020195492543280125,
    0.0020160353742539883,
    0.0020090003963559866,
    0.0019749572966247797,
    0.0019414606504142284,
    0.0019257355015724897,
    0.0019103437662124634,
    0.0019117067568004131,
    0.001920945942401886,
    0.001903257449157536,
    0.001915756962262094,
    0.0018866299651563168,
    0.0018652703147381544,
    0.0018798583187162876,
    0.0018346394645050168,
    0.001824770588427782,
    0.0018064831383526325,
    0.0018343559931963682,
    0.0018040742725133896
  ],
  "loss": [
    2.2563462257385254,
    1.2990726232528687,
    1.2605446577072144,
    1.0732622146606445,
    0.9362342357635498,
    0.9427590370178223,
    0.8936532735824585,
    0.7905062437057495,
    0.7685109376907349,
    0.7378931045532227,
    0.764331042766571,
    0.6512318253517151,
    0.6111534237861633,
    0.5867887139320374,
    0.519123375415802,
    0.5256031155586243,
    0.4990609884262085,
    0.5275536179542542,
    0.4814108908176422,
    0.5138185024261475,
    0.4748029410839081,
    0.4428977966308594,
    0.4505780041217804,
    0.4639676809310913,
    0.44772809743881226,
    0.44767671823501587,
    0.4342837929725647,
    0.428561806678772,
    0.4233977794647217,
    0.3960099518299103,
    0.3794102668762207,
    0.41993752121925354,
    0.39914387464523315,
    0.38284996151924133,
    0.37939709424972534,
    0.3911464214324951,
    0.36038514971733093,
    0.392366886138916,
    0.3709263801574707,
    0.35552164912223816,
    0.33273541927337646,
    0.3343324661254883,
    0.3387729227542877,
    0.3269789218902588,
    0.3063926100730896,
    0.3110642731189728,
    0.3320094645023346,
    0.3305078148841858,
    0.32759881019592285,
    0.31217890977859497,
    0.307895690202713,
    0.30296313762664795,
    0.29112979769706726,
    0.2993552088737488,
    0.3048344850540161,
    0.29023754596710205,
    0.31829968094825745,
    0.2813745141029358,
    0.2795564830303192,
    0.2844616770744324,
    0.26665282249450684,
    0.2729724645614624,
    0.2826812267303467,
    0.2843613922595978,
    0.2724877893924713,
    0.2710036635398865,
    0.27844640612602234,
    0.30727559328079224,
    0.2905641198158264,
    0.275576114654541,
    0.26244211196899414,
    0.2555939853191376,
    0.25225570797920227,
    0.266004353761673,
    0.24892738461494446,
    0.27253884077072144,
    0.24950578808784485,
    0.2527904510498047,
    0.23938170075416565,
    0.2425754815340042,
    0.24861134588718414,
    0.24517813324928284,
    0.2302417904138565,
    0.22962869703769684,
    0.22887437045574188,
    0.22903305292129517,
    0.22995655238628387
  ],
  "reg_out_loss": [
    2.1217331886291504,
    1.1984692811965942,
    1.1600446701049805,
    0.9758832454681396,
    0.8408458828926086,
    0.8466222286224365,
    0.7978447079658508,
    0.6962640285491943,
    0.6746212244033813,
    0.6440157294273376,
    0.669393002986908,
    0.5585038661956787,
    0.5191752910614014,
    0.49525269865989685,
    0.4293668866157532,
    0.43591538071632385,
    0.4102970361709595,
    0.43879443407058716,
    0.3933677673339844,
    0.4248388111591339,
    0.3872916102409363,
    0.3568628132343292,
    0.36376267671585083,
    0.3767363727092743,
    0.36075133085250854,
    0.3612838089466095,
    0.3482665419578552,
    0.34320899844169617,
    0.3379283845424652,
    0.3108745813369751,
    0.2948102056980133,
    0.3344428539276123,
    0.3143409192562103,
    0.29821664094924927,
    0.2953934669494629,
    0.30817341804504395,
    0.2776484191417694,
    0.30808359384536743,
    0.2873835861682892,
    0.2721347212791443,
    0.24981622397899628,
    0.252294659614563,
    0.2560538053512573,
    0.2452523112297058,
    0.22520780563354492,
    0.2306777983903885,
    0.2503264844417572,
    0.2489107996225357,
    0.2464008778333664,
    0.2312028855085373,
    0.22718395292758942,
    0.223540797829628,
    0.21174801886081696,
    0.21972604095935822,
    0.2253490835428238,
    0.21116313338279724,
    0.2403576523065567,
    0.20291462540626526,
    0.20183172821998596,
    0.20634926855564117,
    0.19051280617713928,
    0.1955663561820984,
    0.20528674125671387,
    0.207347571849823,
    0.1958046555519104,
    0.19460920989513397,
    0.20299015939235687,
    0.2304914891719818,
    0.21430058777332306,
    0.19980746507644653,
    0.18921329081058502,
    0.18064837157726288,
    0.1775670200586319,
    0.19113057851791382,
    0.1758991777896881,
    0.19779695570468903,
    0.17687241733074188,
    0.17874933779239655,
    0.16576550900936127,
    0.16898857057094574,
    0.17508623003959656,
    0.17177188396453857,
    0.1594191938638687,
    0.15678882598876953,
    0.1577547937631607,
    0.15634654462337494,
    0.1573924571275711
  ],